"FUN_02000180","02000180","undefined FUN_02000180()","52"
"FUN_020003ec","020003ec","undefined FUN_020003ec()","192"
"FUN_020004e0","020004e0","undefined FUN_020004e0()","246"
"FUN_020005f8","020005f8","undefined FUN_020005f8()","190"
"FUN_020006c8","020006c8","undefined FUN_020006c8()","344"
"FUN_02000834","02000834","undefined FUN_02000834()","22"
"FUN_02000850","02000850","undefined FUN_02000850()","52"
"FUN_020008a0","020008a0","undefined FUN_020008a0()","40"
"FUN_02000a84","02000a84","undefined FUN_02000a84()","146"
"FUN_02000b4c","02000b4c","undefined FUN_02000b4c()","122"
"FUN_02000be8","02000be8","undefined FUN_02000be8()","736"
"FUN_0200101c","0200101c","undefined FUN_0200101c()","150"
"FUN_020010dc","020010dc","undefined FUN_020010dc()","530"
"FUN_020013cc","020013cc","undefined FUN_020013cc()","182"
"FUN_020014b4","020014b4","undefined FUN_020014b4()","278"
"FUN_02001630","02001630","undefined FUN_02001630()","154"
"FUN_020016e8","020016e8","undefined FUN_020016e8()","158"
"FUN_020017b4","020017b4","undefined FUN_020017b4()","62"
"FUN_02001898","02001898","undefined FUN_02001898()","18"
"FUN_020018ac","020018ac","undefined FUN_020018ac()","160"
"FUN_0200198c","0200198c","undefined FUN_0200198c(undefined param_1\, undefined param_2\, undefined param_3\, undefined param_4\, undefined4 param_5)","152"
"FUN_02001a38","02001a38","undefined FUN_02001a38()","132"
"FUN_02001acc","02001acc","undefined FUN_02001acc()","184"
"FUN_02001ba0","02001ba0","undefined FUN_02001ba0()","98"
"FUN_02001c08","02001c08","undefined FUN_02001c08()","118"
"FUN_02001c84","02001c84","undefined FUN_02001c84()","186"
"FUN_02001d50","02001d50","undefined FUN_02001d50()","30"
"FUN_02001d78","02001d78","undefined FUN_02001d78()","90"
"FUN_02001de4","02001de4","undefined FUN_02001de4()","194"
"FUN_02001ec8","02001ec8","undefined FUN_02001ec8()","36"
"FUN_02001eec","02001eec","undefined FUN_02001eec(undefined param_1\, undefined param_2\, undefined param_3\, undefined param_4\, undefined4 param_5\, undefined4 param_6\, undefined4 param_7\, undefined4 param_8\, undefined4 param_9\, undefined4 param_10\, undefined4 param_11\, undefined4 param_12\, undefined4 param_13\, undefined4 param_14\, undefined4 param_15\, undefined4 param_16\, undefined4 param_17\, undefined4 param_18\, undefined4 param_19\, undefined4 param_20)","2626"
"FUN_020029a2","020029a2","undefined FUN_020029a2()","16"
"FUN_020029b2","020029b2","undefined FUN_020029b2()","12"
"FUN_020029be","020029be","undefined FUN_020029be()","2"
"FUN_020029c0","020029c0","undefined FUN_020029c0()","16"
"FUN_020029e0","020029e0","undefined FUN_020029e0()","152"
"FUN_02002a88","02002a88","undefined FUN_02002a88()","276"
"FUN_02002ba8","02002ba8","undefined FUN_02002ba8()","534"
"FUN_02002e0c","02002e0c","undefined FUN_02002e0c(undefined param_1\, undefined param_2\, undefined param_3\, undefined param_4\, undefined4 param_5\, undefined4 param_6\, undefined4 param_7)","158"
"FUN_02002ebc","02002ebc","undefined FUN_02002ebc()","92"
"FUN_02002fa0","02002fa0","undefined FUN_02002fa0()","184"
"FUN_02003060","02003060","undefined FUN_02003060()","62"
"FUN_020030a0","020030a0","undefined FUN_020030a0()","282"
"FUN_020031c8","020031c8","undefined FUN_020031c8()","94"
"FUN_02003238","02003238","undefined FUN_02003238()","166"
"FUN_020032e8","020032e8","undefined FUN_020032e8()","182"
"FUN_020033a8","020033a8","undefined FUN_020033a8()","588"
"FUN_02003d30","02003d30","undefined FUN_02003d30()","754"
"FUN_02004054","02004054","undefined FUN_02004054()","882"
"FUN_020043fc","020043fc","undefined FUN_020043fc()","116"
"FUN_02004494","02004494","undefined FUN_02004494()","400"
"FUN_02004684","02004684","undefined FUN_02004684()","92"
"FUN_0200479c","0200479c","undefined FUN_0200479c()","160"
"FUN_02004854","02004854","undefined FUN_02004854()","28"
"FUN_0200487c","0200487c","undefined FUN_0200487c()","36"
"FUN_020048ac","020048ac","undefined FUN_020048ac(undefined param_1\, undefined param_2\, undefined param_3\, undefined param_4\, undefined4 param_5)","104"
"FUN_02004930","02004930","undefined FUN_02004930()","240"
"FUN_02004a5c","02004a5c","undefined FUN_02004a5c()","148"
"FUN_02004b0c","02004b0c","undefined FUN_02004b0c()","146"
"FUN_02004bbc","02004bbc","undefined FUN_02004bbc()","86"
"FUN_02004c40","02004c40","undefined FUN_02004c40()","86"
"FUN_02004cc0","02004cc0","undefined FUN_02004cc0()","20"
"FUN_02004cdc","02004cdc","undefined FUN_02004cdc()","100"
"FUN_02004d44","02004d44","undefined FUN_02004d44()","78"
"FUN_02004d98","02004d98","undefined FUN_02004d98()","78"
"FUN_02004e54","02004e54","undefined FUN_02004e54()","156"
"FUN_02004f24","02004f24","undefined FUN_02004f24()","96"
"FUN_02004fac","02004fac","undefined FUN_02004fac()","58"
"FUN_02004ff0","02004ff0","undefined FUN_02004ff0()","122"
"FUN_02005078","02005078","undefined FUN_02005078()","606"
"FUN_02005558","02005558","undefined FUN_02005558()","60"
"FUN_020055a4","020055a4","undefined FUN_020055a4()","208"
"FUN_020056b0","020056b0","undefined FUN_020056b0()","728"
"FUN_02005a44","02005a44","undefined FUN_02005a44()","80"
"FUN_02005aa8","02005aa8","undefined FUN_02005aa8()","86"
"FUN_02005b04","02005b04","undefined FUN_02005b04()","82"
"FUN_02005b5c","02005b5c","undefined FUN_02005b5c()","46"
"FUN_02005b90","02005b90","undefined FUN_02005b90(undefined param_1\, undefined param_2\, undefined param_3\, undefined param_4\, undefined4 param_5\, undefined4 param_6\, undefined4 param_7\, undefined4 param_8\, undefined4 param_9)","86"
"FUN_02005be8","02005be8","undefined FUN_02005be8()","458"
"FUN_02005dc8","02005dc8","undefined FUN_02005dc8()","896"
"FUN_02006168","02006168","undefined FUN_02006168()","72"
"FUN_020061c4","020061c4","undefined FUN_020061c4(undefined param_1\, undefined param_2\, undefined param_3\, undefined param_4\, undefined4 param_5\, undefined4 param_6)","282"
"FUN_020062e0","020062e0","undefined FUN_020062e0()","214"
"FUN_020063bc","020063bc","undefined FUN_020063bc()","236"
"FUN_020064bc","020064bc","undefined FUN_020064bc()","204"
"FUN_02006588","02006588","undefined FUN_02006588()","158"
"FUN_02006628","02006628","undefined FUN_02006628(undefined param_1\, undefined param_2\, undefined param_3\, undefined param_4\, undefined4 param_5)","508"
"FUN_02006834","02006834","undefined FUN_02006834(undefined param_1\, undefined param_2\, undefined param_3\, undefined param_4\, undefined4 param_5\, undefined4 param_6)","1752"
"FUN_02006f50","02006f50","undefined FUN_02006f50(undefined param_1\, undefined param_2\, undefined param_3\, undefined param_4\, undefined param_5\, undefined4 param_6)","748"
"FUN_02007258","02007258","undefined FUN_02007258()","198"
"FUN_02007334","02007334","undefined FUN_02007334()","400"
"FUN_02007518","02007518","undefined FUN_02007518()","174"
"FUN_020075e8","020075e8","undefined FUN_020075e8()","268"
"FUN_02007718","02007718","undefined FUN_02007718()","226"
"FUN_02007820","02007820","undefined FUN_02007820()","128"
"FUN_020078b0","020078b0","undefined FUN_020078b0()","168"
"FUN_02007984","02007984","undefined FUN_02007984()","112"
"FUN_020079fc","020079fc","undefined FUN_020079fc()","68"
"FUN_02007a4c","02007a4c","undefined FUN_02007a4c()","68"
"FUN_02007a9c","02007a9c","undefined FUN_02007a9c()","54"
"FUN_02007b3c","02007b3c","undefined FUN_02007b3c()","62"
"FUN_02007ba4","02007ba4","undefined FUN_02007ba4()","66"
"FUN_02007bf8","02007bf8","undefined FUN_02007bf8()","46"
"FUN_02007c30","02007c30","undefined FUN_02007c30()","16"
"FUN_02007c48","02007c48","undefined FUN_02007c48()","72"
"FUN_02007c94","02007c94","undefined FUN_02007c94()","66"
"FUN_02007cdc","02007cdc","undefined FUN_02007cdc()","88"
"FUN_02007d38","02007d38","undefined FUN_02007d38()","132"
"FUN_02007de8","02007de8","undefined FUN_02007de8()","1524"
"FUN_02008440","02008440","undefined FUN_02008440()","270"
"FUN_02008588","02008588","undefined FUN_02008588()","400"
"FUN_0200872c","0200872c","undefined FUN_0200872c()","182"
"FUN_020087f0","020087f0","undefined FUN_020087f0()","378"
"FUN_02008978","02008978","undefined FUN_02008978()","70"
"FUN_020089e8","020089e8","undefined FUN_020089e8()","134"
"FUN_02008a9c","02008a9c","undefined FUN_02008a9c()","102"
"FUN_02008b1c","02008b1c","undefined FUN_02008b1c()","970"
"FUN_02008f30","02008f30","undefined FUN_02008f30()","22"
"FUN_02008f50","02008f50","undefined FUN_02008f50()","368"
"FUN_0200910c","0200910c","undefined FUN_0200910c()","1952"
"FUN_02009adc","02009adc","undefined FUN_02009adc()","162"
"FUN_02009b9c","02009b9c","undefined FUN_02009b9c()","958"
"FUN_02009fcc","02009fcc","undefined FUN_02009fcc()","82"
"FUN_0200a0ec","0200a0ec","undefined FUN_0200a0ec()","338"
"FUN_0200a27c","0200a27c","undefined FUN_0200a27c()","40"
"FUN_0200a2a8","0200a2a8","undefined FUN_0200a2a8()","170"
"FUN_0200a364","0200a364","undefined FUN_0200a364()","70"
"FUN_0200a3b0","0200a3b0","undefined FUN_0200a3b0(undefined param_1\, undefined param_2\, undefined param_3\, undefined param_4\, undefined4 param_5)","276"
"FUN_0200a4f0","0200a4f0","undefined FUN_0200a4f0()","124"
"FUN_0200a57c","0200a57c","undefined FUN_0200a57c()","138"
"FUN_0200a61c","0200a61c","undefined FUN_0200a61c()","128"
"FUN_0200a6b8","0200a6b8","undefined FUN_0200a6b8()","44"
"FUN_0200a6e4","0200a6e4","undefined FUN_0200a6e4()","44"
"FUN_0200a710","0200a710","undefined FUN_0200a710()","44"
"FUN_0200a73c","0200a73c","undefined FUN_0200a73c()","44"
"FUN_0200a768","0200a768","undefined FUN_0200a768()","44"
"FUN_0200a794","0200a794","undefined FUN_0200a794()","44"
"FUN_0200a7c0","0200a7c0","undefined FUN_0200a7c0()","44"
"FUN_0200a7ec","0200a7ec","undefined FUN_0200a7ec()","44"
"FUN_0200a818","0200a818","undefined FUN_0200a818()","44"
"FUN_0200a844","0200a844","undefined FUN_0200a844()","44"
"FUN_0200a870","0200a870","undefined FUN_0200a870()","234"
"FUN_0200a974","0200a974","undefined FUN_0200a974()","786"
"FUN_0200acb8","0200acb8","undefined FUN_0200acb8()","202"
"FUN_0200ada0","0200ada0","undefined FUN_0200ada0()","136"
"FUN_0200ae34","0200ae34","undefined FUN_0200ae34()","560"
"FUN_0200b090","0200b090","undefined FUN_0200b090()","44"
"FUN_0200b0bc","0200b0bc","undefined FUN_0200b0bc()","632"
"FUN_0200b378","0200b378","undefined FUN_0200b378()","452"
"FUN_0200b568","0200b568","undefined FUN_0200b568(undefined param_1\, undefined param_2\, undefined param_3\, undefined param_4\, undefined4 param_5)","110"
"FUN_0200b5e8","0200b5e8","undefined FUN_0200b5e8(undefined param_1\, undefined param_2\, undefined param_3\, undefined param_4\, undefined4 param_5)","110"
"FUN_0200b668","0200b668","undefined FUN_0200b668()","38"
"FUN_0200b698","0200b698","undefined FUN_0200b698()","46"
"FUN_0200b6cc","0200b6cc","undefined FUN_0200b6cc()","32"
"FUN_0200b6ec","0200b6ec","undefined FUN_0200b6ec()","32"
"FUN_0200b70c","0200b70c","undefined FUN_0200b70c()","32"
"FUN_0200b72c","0200b72c","undefined FUN_0200b72c()","32"
"FUN_0200b74c","0200b74c","undefined FUN_0200b74c()","32"
"FUN_0200b76c","0200b76c","undefined FUN_0200b76c()","32"
"FUN_0200b78c","0200b78c","undefined FUN_0200b78c()","32"
"FUN_0200b7ac","0200b7ac","undefined FUN_0200b7ac()","32"
"FUN_0200b7cc","0200b7cc","undefined FUN_0200b7cc()","138"
"FUN_0200b860","0200b860","undefined FUN_0200b860()","280"
"FUN_0200b9b0","0200b9b0","undefined FUN_0200b9b0()","108"
"FUN_0200ba24","0200ba24","undefined FUN_0200ba24()","122"
"FUN_0200bab8","0200bab8","undefined FUN_0200bab8()","112"
"FUN_0200bb44","0200bb44","undefined FUN_0200bb44()","64"
"FUN_0200bb8c","0200bb8c","undefined FUN_0200bb8c()","10"
"FUN_0200bba0","0200bba0","undefined FUN_0200bba0()","54"
"FUN_0200bbf4","0200bbf4","undefined FUN_0200bbf4()","36"
"FUN_0200bc1c","0200bc1c","undefined FUN_0200bc1c()","130"
"FUN_0200bcb8","0200bcb8","undefined FUN_0200bcb8()","74"
"FUN_0200bd0c","0200bd0c","undefined FUN_0200bd0c()","236"
"FUN_0200be3c","0200be3c","undefined FUN_0200be3c()","96"
"FUN_0200bea8","0200bea8","undefined FUN_0200bea8()","140"
"FUN_0200bf54","0200bf54","undefined FUN_0200bf54()","154"
"FUN_0200bffc","0200bffc","undefined FUN_0200bffc()","52"
"FUN_0200c040","0200c040","undefined FUN_0200c040()","478"
"FUN_0200c264","0200c264","undefined FUN_0200c264()","554"
"FUN_0200c4a4","0200c4a4","undefined FUN_0200c4a4()","92"
"FUN_0200c508","0200c508","undefined FUN_0200c508()","76"
"FUN_0200c574","0200c574","undefined FUN_0200c574()","20"
"FUN_0200c58c","0200c58c","undefined FUN_0200c58c()","42"
"FUN_0200c5c4","0200c5c4","undefined FUN_0200c5c4()","42"
"FUN_0200c660","0200c660","undefined FUN_0200c660(undefined param_1\, undefined param_2\, undefined param_3\, undefined param_4\, undefined4 param_5\, undefined4 param_6)","496"
"FUN_0200c850","0200c850","undefined FUN_0200c850(undefined param_1\, undefined param_2\, undefined param_3\, undefined param_4\, undefined4 param_5\, undefined4 param_6)","1136"
"FUN_0200ccc0","0200ccc0","undefined FUN_0200ccc0()","226"
"FUN_0200cdb8","0200cdb8","undefined FUN_0200cdb8()","212"
"FUN_0200cea0","0200cea0","undefined FUN_0200cea0()","298"
"FUN_0200d110","0200d110","undefined FUN_0200d110()","160"
"FUN_0200d1c0","0200d1c0","undefined FUN_0200d1c0()","40"
"FUN_0200d1f8","0200d1f8","undefined FUN_0200d1f8(undefined param_1\, undefined param_2\, undefined param_3\, undefined param_4\, undefined4 param_5\, undefined4 param_6)","130"
"FUN_0200d27c","0200d27c","undefined FUN_0200d27c(undefined param_1\, undefined param_2\, undefined param_3\, undefined param_4\, undefined4 param_5)","90"
"FUN_0200d2d8","0200d2d8","undefined FUN_0200d2d8()","156"
"FUN_0200d384","0200d384","undefined FUN_0200d384()","338"
"FUN_0200d4ec","0200d4ec","undefined FUN_0200d4ec()","206"
"FUN_0200d5c4","0200d5c4","undefined FUN_0200d5c4()","202"
"FUN_0200d698","0200d698","undefined FUN_0200d698()","206"
"FUN_0200d770","0200d770","undefined FUN_0200d770()","98"
"FUN_0200d7dc","0200d7dc","undefined FUN_0200d7dc()","308"
"FUN_0200d918","0200d918","undefined FUN_0200d918()","238"
"FUN_0200da10","0200da10","undefined FUN_0200da10()","176"
"FUN_0200dac8","0200dac8","undefined FUN_0200dac8()","174"
"FUN_0200db80","0200db80","undefined FUN_0200db80()","96"
"FUN_0200dbe0","0200dbe0","undefined FUN_0200dbe0()","128"
"FUN_0200dc60","0200dc60","undefined FUN_0200dc60()","260"
"FUN_0200dd68","0200dd68","undefined FUN_0200dd68()","262"
"FUN_0200de74","0200de74","undefined FUN_0200de74()","262"
"FUN_0200df80","0200df80","undefined FUN_0200df80()","258"
"FUN_0200e088","0200e088","undefined FUN_0200e088()","128"
"FUN_0200e108","0200e108","undefined FUN_0200e108()","200"
"FUN_0200e1dc","0200e1dc","undefined FUN_0200e1dc()","230"
"FUN_0200e2d8","0200e2d8","undefined FUN_0200e2d8()","152"
"FUN_0200e370","0200e370","undefined FUN_0200e370()","158"
"FUN_0200e410","0200e410","undefined FUN_0200e410()","106"
"FUN_0200e480","0200e480","undefined FUN_0200e480()","186"
"FUN_0200e558","0200e558","undefined FUN_0200e558()","182"
"FUN_0200e610","0200e610","undefined FUN_0200e610()","58"
"FUN_0200e650","0200e650","undefined FUN_0200e650()","58"
"FUN_0200e690","0200e690","undefined FUN_0200e690()","146"
"FUN_0200ea00","0200ea00","undefined FUN_0200ea00()","54"
"FUN_0200ec28","0200ec28","undefined FUN_0200ec28()","182"
"FUN_0200ecf8","0200ecf8","undefined FUN_0200ecf8()","316"
"FUN_0200ee40","0200ee40","undefined FUN_0200ee40()","274"
"FUN_0200ef5c","0200ef5c","undefined FUN_0200ef5c()","766"
"FUN_0200f2bc","0200f2bc","undefined FUN_0200f2bc()","102"
"FUN_0200f330","0200f330","undefined FUN_0200f330()","224"
"FUN_0200f420","0200f420","undefined FUN_0200f420()","232"
"FUN_0200f520","0200f520","undefined FUN_0200f520()","324"
"FUN_0200f684","0200f684","undefined FUN_0200f684()","326"
"FUN_0200f7ec","0200f7ec","undefined FUN_0200f7ec()","428"
"FUN_0200f9b8","0200f9b8","undefined FUN_0200f9b8()","252"
"FUN_0200fadc","0200fadc","undefined FUN_0200fadc()","284"
"FUN_0200fc04","0200fc04","undefined FUN_0200fc04()","132"
"FUN_0200fc9c","0200fc9c","undefined FUN_0200fc9c()","236"
"FUN_0200fd90","0200fd90","undefined FUN_0200fd90()","700"
"FUN_02010088","02010088","undefined FUN_02010088()","122"
"FUN_02010110","02010110","undefined FUN_02010110()","186"
"FUN_020101dc","020101dc","undefined FUN_020101dc()","310"
"FUN_02010334","02010334","undefined FUN_02010334()","150"
"FUN_020103e0","020103e0","undefined FUN_020103e0()","194"
"FUN_020104bc","020104bc","undefined FUN_020104bc()","124"
"FUN_02010554","02010554","undefined FUN_02010554()","142"
"FUN_020105ec","020105ec","undefined FUN_020105ec()","194"
"FUN_020106c8","020106c8","undefined FUN_020106c8()","184"
"FUN_02010788","02010788","undefined FUN_02010788()","218"
"FUN_02010984","02010984","undefined FUN_02010984()","236"
"FUN_02010a78","02010a78","undefined FUN_02010a78()","180"
"FUN_02010c40","02010c40","undefined FUN_02010c40()","258"
"FUN_02010d4c","02010d4c","undefined FUN_02010d4c()","110"
"FUN_02010dd0","02010dd0","undefined FUN_02010dd0()","518"
"FUN_02010ff4","02010ff4","undefined FUN_02010ff4()","58"
"FUN_02011034","02011034","undefined FUN_02011034()","154"
"FUN_020110e0","020110e0","undefined FUN_020110e0()","94"
"FUN_02011140","02011140","undefined FUN_02011140()","10"
"FUN_0201114c","0201114c","undefined FUN_0201114c()","100"
"FUN_020111cc","020111cc","undefined FUN_020111cc()","38"
"FUN_02011324","02011324","undefined FUN_02011324()","70"
"FUN_02011370","02011370","undefined FUN_02011370()","70"
"FUN_020113d4","020113d4","undefined FUN_020113d4()","198"
"FUN_020115f0","020115f0","undefined FUN_020115f0()","58"
"FUN_02011704","02011704","undefined FUN_02011704()","74"
"FUN_02011758","02011758","undefined FUN_02011758()","40"
"FUN_0201178c","0201178c","undefined FUN_0201178c()","106"
"FUN_02011814","02011814","undefined FUN_02011814()","90"
"FUN_02011874","02011874","undefined FUN_02011874()","72"
"FUN_020118c8","020118c8","undefined FUN_020118c8()","38"
"FUN_020118f8","020118f8","undefined FUN_020118f8()","76"
"FUN_02011950","02011950","undefined FUN_02011950()","58"
"FUN_02011a50","02011a50","undefined FUN_02011a50()","52"
"FUN_02011a90","02011a90","undefined FUN_02011a90()","94"
"FUN_02011b44","02011b44","undefined FUN_02011b44()","146"
"FUN_02011c18","02011c18","undefined FUN_02011c18()","268"
"FUN_02011d48","02011d48","undefined FUN_02011d48()","1146"
"FUN_02012248","02012248","undefined FUN_02012248()","20"
"FUN_02012278","02012278","undefined FUN_02012278()","124"
"FUN_020122f8","020122f8","undefined FUN_020122f8()","10"
"FUN_02012308","02012308","undefined FUN_02012308()","346"
"FUN_020124f0","020124f0","undefined FUN_020124f0()","354"
"FUN_020126ac","020126ac","undefined FUN_020126ac()","46"
"FUN_020126ec","020126ec","undefined FUN_020126ec()","98"
"FUN_0201278c","0201278c","undefined FUN_0201278c()","30"
"FUN_020127c0","020127c0","undefined FUN_020127c0()","12"
"FUN_020127d8","020127d8","undefined FUN_020127d8()","342"
"FUN_020129a0","020129a0","undefined FUN_020129a0()","86"
"FUN_02012a20","02012a20","undefined FUN_02012a20()","92"
"FUN_02012aa4","02012aa4","undefined FUN_02012aa4()","32"
"FUN_02012ad0","02012ad0","undefined FUN_02012ad0()","20"
"FUN_02012af8","02012af8","undefined FUN_02012af8()","4"
"FUN_02012b08","02012b08","undefined FUN_02012b08()","106"
"FUN_02012f2a","02012f2a","undefined FUN_02012f2a()","2"
"FUN_02012f48","02012f48","undefined FUN_02012f48()","32"
"FUN_02012f68","02012f68","undefined FUN_02012f68()","46"
"FUN_02012f98","02012f98","undefined FUN_02012f98()","22"
"FUN_02012fb0","02012fb0","undefined FUN_02012fb0()","2"
"FUN_02012fb2","02012fb2","undefined FUN_02012fb2()","22"
"FUN_02012fcc","02012fcc","undefined FUN_02012fcc()","2"
"FUN_02012fce","02012fce","undefined FUN_02012fce()","8"
"FUN_02013028","02013028","undefined FUN_02013028()","76"
"FUN_0201315c","0201315c","undefined FUN_0201315c()","66"
"FUN_02013400","02013400","undefined FUN_02013400()","2"
"FUN_02013410","02013410","undefined FUN_02013410()","62"
"FUN_02013454","02013454","undefined FUN_02013454()","48"
"FUN_02013484","02013484","undefined FUN_02013484()","502"
"FUN_020136c4","020136c4","undefined FUN_020136c4()","26"
"FUN_020136e0","020136e0","undefined FUN_020136e0()","10"
"FUN_02013714","02013714","undefined FUN_02013714()","92"
"FUN_0201377c","0201377c","undefined FUN_0201377c()","20"
"FUN_02013798","02013798","undefined FUN_02013798()","26"
"FUN_020137b8","020137b8","undefined FUN_020137b8()","84"
"FUN_02013830","02013830","undefined FUN_02013830()","10"
"FUN_0201383c","0201383c","undefined FUN_0201383c()","36"
"FUN_020138b4","020138b4","undefined FUN_020138b4()","74"
"FUN_02013908","02013908","undefined FUN_02013908()","42"
"FUN_02013970","02013970","undefined FUN_02013970()","36"
"FUN_020139d4","020139d4","undefined FUN_020139d4()","14"
"FUN_02013a2c","02013a2c","undefined FUN_02013a2c()","72"
"FUN_02013a74","02013a74","undefined FUN_02013a74()","200"
"FUN_02013b90","02013b90","undefined FUN_02013b90()","14"
"FUN_02013ba4","02013ba4","undefined FUN_02013ba4()","14"
"FUN_02013bb8","02013bb8","undefined FUN_02013bb8()","184"
"FUN_02013cb0","02013cb0","undefined FUN_02013cb0()","126"
"FUN_02013d54","02013d54","undefined FUN_02013d54()","140"
"FUN_02013dec","02013dec","undefined FUN_02013dec()","76"
"FUN_02013e40","02013e40","undefined FUN_02013e40()","94"
"FUN_02013ebc","02013ebc","undefined FUN_02013ebc()","46"
"FUN_02013ef8","02013ef8","undefined FUN_02013ef8()","106"
"FUN_02013f70","02013f70","undefined FUN_02013f70()","224"
"FUN_02014054","02014054","undefined FUN_02014054()","60"
"FUN_02014094","02014094","undefined FUN_02014094()","194"
"FUN_0201415c","0201415c","undefined FUN_0201415c()","180"
"FUN_020142b8","020142b8","undefined FUN_020142b8()","60"
"FUN_02014308","02014308","undefined FUN_02014308()","104"
"FUN_02014370","02014370","undefined FUN_02014370()","1008"
"FUN_020147bc","020147bc","undefined FUN_020147bc()","34"
"FUN_020147e4","020147e4","undefined FUN_020147e4()","100"
"FUN_0201484c","0201484c","undefined FUN_0201484c()","112"
"FUN_020148c0","020148c0","undefined FUN_020148c0()","100"
"FUN_02014928","02014928","undefined FUN_02014928()","30"
"FUN_02014948","02014948","undefined FUN_02014948()","110"
"FUN_020149bc","020149bc","undefined FUN_020149bc()","110"
"FUN_02014a30","02014a30","undefined FUN_02014a30()","52"
"FUN_02014b88","02014b88","undefined FUN_02014b88()","26"
"FUN_02014ba8","02014ba8","undefined FUN_02014ba8()","14"
"FUN_02014bbc","02014bbc","undefined FUN_02014bbc()","54"
"FUN_02014cac","02014cac","undefined FUN_02014cac()","4"
"FUN_02014cb0","02014cb0","undefined FUN_02014cb0()","4"
"FUN_02014cb4","02014cb4","undefined FUN_02014cb4()","4"
"FUN_02014cb8","02014cb8","undefined FUN_02014cb8()","4"
"FUN_02014cbc","02014cbc","undefined FUN_02014cbc()","4"
"FUN_02014cc0","02014cc0","undefined FUN_02014cc0()","6"
"FUN_02014cc8","02014cc8","undefined FUN_02014cc8()","2"
"FUN_02014ccc","02014ccc","undefined FUN_02014ccc()","2"
"FUN_02014cd0","02014cd0","undefined FUN_02014cd0()","2"
"FUN_02014cd4","02014cd4","undefined FUN_02014cd4()","2"
"FUN_02014cd8","02014cd8","undefined FUN_02014cd8()","2"
"FUN_02014cdc","02014cdc","undefined FUN_02014cdc()","2"
"FUN_02014ce4","02014ce4","undefined FUN_02014ce4()","2"
"FUN_02014cf8","02014cf8","undefined FUN_02014cf8()","2"
"FUN_02014d04","02014d04","undefined FUN_02014d04()","146"
"FUN_02014d98","02014d98","undefined FUN_02014d98()","2"
"FUN_02014d9c","02014d9c","undefined FUN_02014d9c()","192"
"FUN_02014e5c","02014e5c","undefined FUN_02014e5c()","94"
"FUN_02014ebc","02014ebc","undefined FUN_02014ebc()","82"
