"thunk_FUN_02000020","02000000","thunk undefined thunk_FUN_02000020()","4"
"FUN_02000020","02000020","undefined FUN_02000020()","52"
"FUN_020000c4","020000c4","undefined FUN_020000c4()","82"
"FUN_02000168","02000168","undefined FUN_02000168()","44"
"FUN_0200019c","0200019c","undefined FUN_0200019c()","90"
"FUN_02000228","02000228","undefined FUN_02000228()","18"
"FUN_02000248","02000248","undefined FUN_02000248()","290"
"FUN_020003ac","020003ac","undefined FUN_020003ac()","114"
"FUN_0200043c","0200043c","undefined FUN_0200043c()","56"
"FUN_02000480","02000480","undefined FUN_02000480()","170"
"FUN_02000590","02000590","undefined FUN_02000590()","222"
"FUN_020006b8","020006b8","undefined FUN_020006b8()","68"
"FUN_02000724","02000724","undefined FUN_02000724()","32"
"FUN_020008e8","020008e8","undefined FUN_020008e8()","78"
"FUN_02000988","02000988","undefined FUN_02000988()","140"
"FUN_02000a40","02000a40","undefined FUN_02000a40()","132"
"FUN_02000af0","02000af0","undefined FUN_02000af0()","20"
"FUN_02000b0c","02000b0c","undefined FUN_02000b0c()","58"
"FUN_02000b64","02000b64","undefined FUN_02000b64()","50"
"FUN_02000bb0","02000bb0","undefined FUN_02000bb0()","20"
"FUN_02000bd0","02000bd0","undefined FUN_02000bd0()","138"
"FUN_02000c6c","02000c6c","undefined FUN_02000c6c()","26"
"FUN_02000c90","02000c90","undefined FUN_02000c90()","82"
"FUN_02000d04","02000d04","undefined FUN_02000d04()","156"
"FUN_02000db0","02000db0","undefined FUN_02000db0()","76"
"FUN_02000e28","02000e28","undefined FUN_02000e28()","82"
"FUN_02000eac","02000eac","undefined FUN_02000eac()","34"
"FUN_02000ed4","02000ed4","undefined FUN_02000ed4()","76"
"FUN_02000f34","02000f34","undefined FUN_02000f34()","120"
"FUN_02000fd4","02000fd4","undefined FUN_02000fd4()","138"
"FUN_02001088","02001088","undefined FUN_02001088()","226"
"FUN_0200117c","0200117c","undefined FUN_0200117c()","182"
"FUN_02001254","02001254","undefined FUN_02001254()","48"
"FUN_02001290","02001290","undefined FUN_02001290()","60"
"FUN_020012e0","020012e0","undefined FUN_020012e0()","20"
"FUN_020012f8","020012f8","undefined FUN_020012f8()","54"
"FUN_0200133c","0200133c","undefined FUN_0200133c()","42"
"FUN_02001374","02001374","undefined FUN_02001374()","28"
"FUN_02001398","02001398","undefined FUN_02001398()","58"
"FUN_02001420","02001420","undefined FUN_02001420()","232"
"FUN_0200151c","0200151c","undefined FUN_0200151c()","6"
"FUN_02001528","02001528","undefined FUN_02001528()","6"
"FUN_02001534","02001534","undefined FUN_02001534()","20"
"FUN_02001554","02001554","undefined FUN_02001554()","38"
"FUN_02001588","02001588","undefined FUN_02001588()","68"
"FUN_020015cc","020015cc","undefined FUN_020015cc()","110"
"FUN_0200163c","0200163c","undefined FUN_0200163c()","50"
"FUN_0200167c","0200167c","undefined FUN_0200167c()","24"
"FUN_02001698","02001698","undefined FUN_02001698()","54"
"FUN_020016d8","020016d8","undefined FUN_020016d8()","54"
"FUN_02001718","02001718","undefined FUN_02001718(undefined param_1\, undefined param_2\, undefined param_3\, undefined param_4\, undefined4 param_5)","72"
"FUN_02001760","02001760","undefined FUN_02001760()","66"
"FUN_020017a4","020017a4","undefined FUN_020017a4()","8"
"FUN_020017b0","020017b0","undefined FUN_020017b0(undefined param_1\, undefined param_2\, undefined param_3\, undefined param_4\, undefined4 param_5)","116"
"FUN_0200182c","0200182c","undefined FUN_0200182c()","14"
"FUN_02001840","02001840","undefined FUN_02001840()","22"
"FUN_0200185c","0200185c","undefined FUN_0200185c()","60"
"FUN_020018a0","020018a0","undefined FUN_020018a0()","16"
"FUN_020018c8","020018c8","undefined FUN_020018c8()","490"
"FUN_02001b58","02001b58","undefined FUN_02001b58()","116"
"FUN_02001c60","02001c60","undefined FUN_02001c60()","178"
"FUN_02001e00","02001e00","undefined FUN_02001e00()","92"
"FUN_02001e74","02001e74","undefined FUN_02001e74()","718"
"FUN_0200218c","0200218c","undefined FUN_0200218c()","90"
"FUN_02002364","02002364","undefined FUN_02002364()","368"
"FUN_02002510","02002510","undefined FUN_02002510()","452"
"FUN_0200270c","0200270c","undefined FUN_0200270c()","474"
"FUN_0200292c","0200292c","undefined FUN_0200292c()","942"
"FUN_02002d94","02002d94","undefined FUN_02002d94()","248"
"FUN_02002eb8","02002eb8","undefined FUN_02002eb8()","1056"
"FUN_0200338c","0200338c","undefined FUN_0200338c()","142"
"FUN_02003424","02003424","undefined FUN_02003424()","232"
"FUN_02003534","02003534","undefined FUN_02003534()","136"
"FUN_02003614","02003614","undefined FUN_02003614()","54"
"FUN_02003748","02003748","undefined FUN_02003748()","1084"
"FUN_02003c24","02003c24","undefined FUN_02003c24()","70"
"FUN_02003e04","02003e04","undefined FUN_02003e04()","156"
"FUN_02003eb4","02003eb4","undefined FUN_02003eb4()","158"
"FUN_02003f68","02003f68","undefined FUN_02003f68()","424"
"FUN_02004130","02004130","undefined FUN_02004130()","162"
"FUN_02004418","02004418","undefined FUN_02004418()","532"
"FUN_02005860","02005860","undefined FUN_02005860()","8"
"FUN_020059ae","020059ae","undefined FUN_020059ae()","16"
"FUN_02005b18","02005b18","undefined FUN_02005b18()","6"
"FUN_02005b36","02005b36","undefined FUN_02005b36()","8"
"FUN_02005e10","02005e10","undefined FUN_02005e10()","38"
"FUN_02005e36","02005e36","undefined FUN_02005e36()","16"
"FUN_02005e58","02005e58","undefined FUN_02005e58()","164"
"FUN_02005efc","02005efc","undefined FUN_02005efc()","1530"
"FUN_02006570","02006570","undefined FUN_02006570()","114"
"FUN_020065ec","020065ec","undefined FUN_020065ec()","204"
"FUN_020066c4","020066c4","undefined FUN_020066c4()","200"
"FUN_020067d8","020067d8","undefined FUN_020067d8()","240"
"FUN_02006938","02006938","undefined FUN_02006938()","172"
"FUN_02006a54","02006a54","undefined FUN_02006a54()","194"
"FUN_02007240","02007240","undefined FUN_02007240()","328"
"FUN_020073a8","020073a8","undefined FUN_020073a8()","256"
"FUN_020074c0","020074c0","undefined FUN_020074c0()","52"
"FUN_02007500","02007500","undefined FUN_02007500()","346"
"FUN_02007688","02007688","undefined FUN_02007688()","610"
"FUN_02007978","02007978","undefined FUN_02007978()","326"
"FUN_02007b00","02007b00","undefined FUN_02007b00()","284"
"FUN_02007e66","02007e66","undefined FUN_02007e66()","360"
"FUN_0200808e","0200808e","undefined FUN_0200808e()","54"
"FUN_020080e0","020080e0","undefined FUN_020080e0()","522"
"FUN_02008324","02008324","undefined FUN_02008324()","172"
"FUN_020083e4","020083e4","undefined FUN_020083e4()","234"
"FUN_020084ec","020084ec","undefined FUN_020084ec()","214"
"FUN_020085e0","020085e0","undefined FUN_020085e0()","94"
"FUN_02008648","02008648","undefined FUN_02008648()","102"
"FUN_020086b4","020086b4","undefined FUN_020086b4()","138"
"FUN_02008758","02008758","undefined FUN_02008758()","166"
"FUN_02008810","02008810","undefined FUN_02008810()","26"
"FUN_02008848","02008848","undefined FUN_02008848()","20"
"FUN_02008864","02008864","undefined FUN_02008864()","54"
"FUN_020088b0","020088b0","undefined FUN_020088b0()","68"
"FUN_020088f8","020088f8","undefined FUN_020088f8()","66"
"FUN_02008940","02008940","undefined FUN_02008940()","90"
"FUN_02008a2c","02008a2c","undefined FUN_02008a2c()","60"
"FUN_02008a74","02008a74","undefined FUN_02008a74()","54"
"FUN_02008ab8","02008ab8","undefined FUN_02008ab8()","82"
"FUN_02008b1c","02008b1c","undefined FUN_02008b1c()","28"
"FUN_02008b3c","02008b3c","undefined FUN_02008b3c()","50"
"FUN_02008b7c","02008b7c","undefined FUN_02008b7c()","60"
"FUN_02008bc4","02008bc4","undefined FUN_02008bc4()","60"
"FUN_02008c0c","02008c0c","undefined FUN_02008c0c()","54"
"FUN_02008c50","02008c50","undefined FUN_02008c50()","66"
"FUN_02008c9c","02008c9c","undefined FUN_02008c9c()","42"
"FUN_02008cd4","02008cd4","undefined FUN_02008cd4()","38"
"FUN_02008d04","02008d04","undefined FUN_02008d04()","42"
"FUN_02008d3c","02008d3c","undefined FUN_02008d3c()","66"
"FUN_02008d90","02008d90","undefined FUN_02008d90()","86"
"FUN_02008dec","02008dec","undefined FUN_02008dec()","28"
"FUN_02008e0c","02008e0c","undefined FUN_02008e0c()","400"
"FUN_0200905c","0200905c","undefined FUN_0200905c()","110"
"FUN_020090dc","020090dc","undefined FUN_020090dc()","516"
"FUN_02009310","02009310","undefined FUN_02009310()","168"
"FUN_020093c0","020093c0","undefined FUN_020093c0()","136"
"FUN_02009458","02009458","undefined FUN_02009458()","184"
"FUN_02009528","02009528","undefined FUN_02009528()","94"
"FUN_02009598","02009598","undefined FUN_02009598()","236"
"FUN_020096e4","020096e4","undefined FUN_020096e4()","42"
"FUN_02009724","02009724","undefined FUN_02009724()","74"
"FUN_02009778","02009778","undefined FUN_02009778()","32"
"FUN_0200979c","0200979c","undefined FUN_0200979c()","48"
"FUN_020097d0","020097d0","undefined FUN_020097d0()","38"
"FUN_02009828","02009828","undefined FUN_02009828()","32"
"FUN_02009850","02009850","undefined FUN_02009850()","52"
"FUN_02009894","02009894","undefined FUN_02009894()","100"
"FUN_02009910","02009910","undefined FUN_02009910()","88"
"FUN_02009978","02009978","undefined FUN_02009978()","100"
"FUN_020099f8","020099f8","undefined FUN_020099f8()","94"
"FUN_02009a70","02009a70","undefined FUN_02009a70()","350"
"FUN_02009c0c","02009c0c","undefined FUN_02009c0c()","242"
"FUN_02009d28","02009d28","undefined FUN_02009d28()","176"
"FUN_02009df4","02009df4","undefined FUN_02009df4()","44"
"FUN_0200a164","0200a164","undefined FUN_0200a164()","76"
"FUN_0200a1c4","0200a1c4","undefined FUN_0200a1c4()","36"
"FUN_0200a1f0","0200a1f0","undefined FUN_0200a1f0()","28"
"FUN_0200a21c","0200a21c","undefined FUN_0200a21c()","86"
"FUN_0200a284","0200a284","undefined FUN_0200a284()","26"
"FUN_0200a2a4","0200a2a4","undefined FUN_0200a2a4()","42"
"FUN_0200a2dc","0200a2dc","undefined FUN_0200a2dc()","28"
"FUN_0200a304","0200a304","undefined FUN_0200a304()","6"
"FUN_0200a310","0200a310","undefined FUN_0200a310()","28"
"FUN_0200a338","0200a338","undefined FUN_0200a338()","128"
"FUN_0200a3d4","0200a3d4","undefined FUN_0200a3d4()","14"
"FUN_0200a3ec","0200a3ec","undefined FUN_0200a3ec()","14"
"FUN_0200a404","0200a404","undefined FUN_0200a404()","14"
"FUN_0200a41c","0200a41c","undefined FUN_0200a41c()","14"
"FUN_0200a434","0200a434","undefined FUN_0200a434()","26"
"FUN_0200a45c","0200a45c","undefined FUN_0200a45c()","210"
"FUN_0200a554","0200a554","undefined FUN_0200a554()","210"
"FUN_0200a638","0200a638","undefined FUN_0200a638()","200"
"FUN_0200a718","0200a718","undefined FUN_0200a718()","108"
"FUN_0200a7ac","0200a7ac","undefined FUN_0200a7ac()","176"
"FUN_0200a8a4","0200a8a4","undefined FUN_0200a8a4()","140"
"FUN_0200bdd0","0200bdd0","undefined FUN_0200bdd0()","2"
"FUN_0200bdd2","0200bdd2","undefined FUN_0200bdd2()","38"
"FUN_0200bdf8","0200bdf8","undefined FUN_0200bdf8()","16"
"FUN_0200be24","0200be24","undefined FUN_0200be24()","14"
"FUN_0200be3c","0200be3c","undefined FUN_0200be3c()","150"
"FUN_0200bfb4","0200bfb4","undefined FUN_0200bfb4()","116"
"FUN_0200c030","0200c030","undefined FUN_0200c030()","110"
"FUN_0200c0a8","0200c0a8","undefined FUN_0200c0a8()","302"
"FUN_0200c20c","0200c20c","undefined FUN_0200c20c()","532"
"FUN_0200c474","0200c474","undefined FUN_0200c474()","108"
"FUN_0200c4f0","0200c4f0","undefined FUN_0200c4f0()","192"
"FUN_0200c5dc","0200c5dc","undefined FUN_0200c5dc()","96"
"FUN_0200ccc4","0200ccc4","undefined FUN_0200ccc4()","160"
"FUN_0200cd78","0200cd78","undefined FUN_0200cd78()","1"
"FUN_0200d27c","0200d27c","undefined FUN_0200d27c()","14"
"FUN_0200d294","0200d294","undefined FUN_0200d294()","368"
"FUN_0200d498","0200d498","undefined FUN_0200d498()","138"
"FUN_0200d538","0200d538","undefined FUN_0200d538()","224"
"FUN_0200d664","0200d664","undefined FUN_0200d664()","360"
"FUN_0200d814","0200d814","undefined FUN_0200d814()","302"
"FUN_0200d958","0200d958","undefined FUN_0200d958()","668"
"FUN_0200dcc0","0200dcc0","undefined FUN_0200dcc0()","142"
"FUN_0200dd60","0200dd60","undefined FUN_0200dd60()","272"
"FUN_0200deec","0200deec","undefined FUN_0200deec()","240"
"FUN_0200dff8","0200dff8","undefined FUN_0200dff8()","206"
"FUN_0200e1c0","0200e1c0","undefined FUN_0200e1c0()","108"
"FUN_0200e240","0200e240","undefined FUN_0200e240()","84"
"FUN_0200e298","0200e298","undefined FUN_0200e298()","178"
"FUN_0200e364","0200e364","undefined FUN_0200e364()","642"
"FUN_0200e614","0200e614","undefined FUN_0200e614()","236"
"FUN_0200e710","0200e710","undefined FUN_0200e710()","298"
"FUN_0200e850","0200e850","undefined FUN_0200e850()","262"
"FUN_0200e964","0200e964","undefined FUN_0200e964()","378"
"FUN_0200eb14","0200eb14","undefined FUN_0200eb14()","126"
"FUN_0200ebb0","0200ebb0","undefined FUN_0200ebb0()","290"
"FUN_0200ed00","0200ed00","undefined FUN_0200ed00()","320"
"FUN_0200ee7c","0200ee7c","undefined FUN_0200ee7c()","278"
"FUN_0200efa0","0200efa0","undefined FUN_0200efa0()","154"
"FUN_0200f048","0200f048","undefined FUN_0200f048()","194"
"FUN_0200f11c","0200f11c","undefined FUN_0200f11c()","850"
"FUN_0200f4c0","0200f4c0","undefined FUN_0200f4c0()","78"
"FUN_0200f51c","0200f51c","undefined FUN_0200f51c()","98"
"FUN_0200f58c","0200f58c","undefined FUN_0200f58c()","24"
"FUN_0200f684","0200f684","undefined FUN_0200f684()","48"
"FUN_0200f6b8","0200f6b8","undefined FUN_0200f6b8()","16"
"FUN_0200f6fc","0200f6fc","undefined FUN_0200f6fc()","64"
"FUN_0200f740","0200f740","undefined FUN_0200f740()","66"
"FUN_0200f79c","0200f79c","undefined FUN_0200f79c()","4"
"FUN_0200f7ac","0200f7ac","undefined FUN_0200f7ac()","106"
"FUN_0200fbce","0200fbce","undefined FUN_0200fbce()","2"
"FUN_0200fbec","0200fbec","undefined FUN_0200fbec()","32"
"FUN_0200fc0c","0200fc0c","undefined FUN_0200fc0c()","46"
"FUN_0200fc3c","0200fc3c","undefined FUN_0200fc3c()","22"
"FUN_0200fc54","0200fc54","undefined FUN_0200fc54()","2"
"FUN_0200fc56","0200fc56","undefined FUN_0200fc56()","22"
"FUN_0200fc70","0200fc70","undefined FUN_0200fc70()","2"
"FUN_0200fc72","0200fc72","undefined FUN_0200fc72()","8"
"FUN_0200fccc","0200fccc","undefined FUN_0200fccc()","76"
"FUN_0200fe00","0200fe00","undefined FUN_0200fe00()","66"
"FUN_020100a4","020100a4","undefined FUN_020100a4()","2"
"FUN_020100b4","020100b4","undefined FUN_020100b4()","62"
"FUN_020100f8","020100f8","undefined FUN_020100f8()","48"
"FUN_02010128","02010128","undefined FUN_02010128()","502"
"FUN_02010368","02010368","undefined FUN_02010368()","26"
"FUN_02010384","02010384","undefined FUN_02010384()","10"
"FUN_020103b8","020103b8","undefined FUN_020103b8()","92"
"FUN_02010420","02010420","undefined FUN_02010420()","20"
"FUN_0201043c","0201043c","undefined FUN_0201043c()","26"
"FUN_0201045c","0201045c","undefined FUN_0201045c()","84"
"FUN_020104d4","020104d4","undefined FUN_020104d4()","10"
"FUN_020104e0","020104e0","undefined FUN_020104e0()","36"
"FUN_0201050c","0201050c","undefined FUN_0201050c()","66"
"FUN_02010558","02010558","undefined FUN_02010558()","74"
"FUN_020105ac","020105ac","undefined FUN_020105ac()","42"
"FUN_02010614","02010614","undefined FUN_02010614()","36"
"FUN_0201064c","0201064c","undefined FUN_0201064c()","36"
"FUN_02010678","02010678","undefined FUN_02010678()","14"
"FUN_02010718","02010718","undefined FUN_02010718()","200"
"FUN_02010834","02010834","undefined FUN_02010834()","14"
"FUN_02010848","02010848","undefined FUN_02010848()","14"
"FUN_0201085c","0201085c","undefined FUN_0201085c()","184"
"FUN_02010954","02010954","undefined FUN_02010954()","126"
"FUN_020109f8","020109f8","undefined FUN_020109f8()","140"
"FUN_02010a90","02010a90","undefined FUN_02010a90()","76"
"FUN_02010ae4","02010ae4","undefined FUN_02010ae4()","94"
"FUN_02010b60","02010b60","undefined FUN_02010b60()","46"
"FUN_02010b9c","02010b9c","undefined FUN_02010b9c()","106"
"FUN_02010c14","02010c14","undefined FUN_02010c14()","224"
"FUN_02010cf8","02010cf8","undefined FUN_02010cf8()","60"
"FUN_02010d38","02010d38","undefined FUN_02010d38()","194"
"FUN_02010e00","02010e00","undefined FUN_02010e00()","180"
"FUN_02010f5c","02010f5c","undefined FUN_02010f5c()","60"
"FUN_02010fac","02010fac","undefined FUN_02010fac()","104"
"FUN_02011014","02011014","undefined FUN_02011014()","1008"
"FUN_02011488","02011488","undefined FUN_02011488()","1"
"FUN_020114f0","020114f0","undefined FUN_020114f0()","1"
"FUN_02011504","02011504","undefined FUN_02011504()","92"
"FUN_02011564","02011564","undefined FUN_02011564()","1"
"FUN_020115cc","020115cc","undefined FUN_020115cc()","30"
"FUN_020115ec","020115ec","undefined FUN_020115ec()","110"
"FUN_02011660","02011660","undefined FUN_02011660()","110"
"FUN_020116d4","020116d4","undefined FUN_020116d4()","52"
"FUN_0201182c","0201182c","undefined FUN_0201182c()","26"
"FUN_0201184c","0201184c","undefined FUN_0201184c()","14"
"FUN_02011860","02011860","undefined FUN_02011860()","54"
"FUN_02011950","02011950","undefined FUN_02011950()","4"
"FUN_02011954","02011954","undefined FUN_02011954()","4"
"FUN_02011958","02011958","undefined FUN_02011958()","4"
"FUN_0201195c","0201195c","undefined FUN_0201195c()","4"
"FUN_02011960","02011960","undefined FUN_02011960()","6"
"FUN_02011968","02011968","undefined FUN_02011968()","4"
"FUN_0201196c","0201196c","undefined FUN_0201196c()","4"
"FUN_02011970","02011970","undefined FUN_02011970()","4"
"FUN_02011974","02011974","undefined FUN_02011974()","4"
"FUN_02011978","02011978","undefined FUN_02011978()","6"
"FUN_02011980","02011980","undefined FUN_02011980()","28"
"FUN_0201199c","0201199c","undefined FUN_0201199c()","28"
"FUN_020119c0","020119c0","undefined FUN_020119c0()","122"
"FUN_02011a84","02011a84","undefined FUN_02011a84()","42"
"FUN_02011ac0","02011ac0","undefined FUN_02011ac0()","130"
"FUN_02011b68","02011b68","undefined FUN_02011b68()","46"
"FUN_02011bb0","02011bb0","undefined FUN_02011bb0()","48"
"FUN_02011c14","02011c14","undefined FUN_02011c14()","130"
"FUN_02011cb0","02011cb0","undefined FUN_02011cb0()","46"
"FUN_02011ce0","02011ce0","undefined FUN_02011ce0()","124"
"FUN_02011d78","02011d78","undefined FUN_02011d78()","126"
"FUN_02011e10","02011e10","undefined FUN_02011e10()","64"
"FUN_02011e54","02011e54","undefined FUN_02011e54()","68"
"FUN_02011e9c","02011e9c","undefined FUN_02011e9c()","108"
"FUN_02011f30","02011f30","undefined FUN_02011f30()","118"
"FUN_02011fb8","02011fb8","undefined FUN_02011fb8()","90"
"FUN_0201202c","0201202c","undefined FUN_0201202c()","124"
"FUN_020120c8","020120c8","undefined FUN_020120c8()","44"
"FUN_02012100","02012100","undefined FUN_02012100()","250"
"FUN_02012248","02012248","undefined FUN_02012248()","20"
"FUN_02012260","02012260","undefined FUN_02012260()","138"
"FUN_0201230c","0201230c","undefined FUN_0201230c()","2"
"FUN_02012310","02012310","undefined FUN_02012310()","2"
"FUN_02012314","02012314","undefined FUN_02012314()","2"
"FUN_02012318","02012318","undefined FUN_02012318()","2"
"FUN_02012320","02012320","undefined FUN_02012320()","2"
"FUN_02012324","02012324","undefined FUN_02012324()","2"
"FUN_02012348","02012348","undefined FUN_02012348()","146"
"FUN_020123dc","020123dc","undefined FUN_020123dc()","2"
"FUN_020123e0","020123e0","undefined FUN_020123e0()","206"
"FUN_020124b0","020124b0","undefined FUN_020124b0()","94"
