"FUN_0203b000","0203b000","undefined FUN_0203b000()","52"
"FUN_0203b03c","0203b03c","undefined FUN_0203b03c()","196"
"FUN_0203b10c","0203b10c","undefined FUN_0203b10c()","60"
"FUN_0203b14c","0203b14c","undefined FUN_0203b14c()","280"
"FUN_0203b26c","0203b26c","undefined FUN_0203b26c()","40"
"FUN_0203b2f0","0203b2f0","undefined FUN_0203b2f0()","94"
"FUN_0203b3d8","0203b3d8","undefined FUN_0203b3d8()","276"
"FUN_0203b530","0203b530","undefined FUN_0203b530()","152"
"FUN_0203b610","0203b610","undefined FUN_0203b610()","256"
"FUN_0203b79c","0203b79c","undefined FUN_0203b79c()","48"
"FUN_0203b7d0","0203b7d0","undefined FUN_0203b7d0()","58"
"FUN_0203b818","0203b818","undefined FUN_0203b818()","84"
"FUN_0203b86c","0203b86c","undefined FUN_0203b86c()","40"
"FUN_0203b898","0203b898","undefined FUN_0203b898()","44"
"FUN_0203b8c4","0203b8c4","undefined FUN_0203b8c4()","192"
"FUN_0203b9b8","0203b9b8","undefined FUN_0203b9b8()","246"
"FUN_0203bad0","0203bad0","undefined FUN_0203bad0()","190"
"FUN_0203bba0","0203bba0","undefined FUN_0203bba0()","344"
"FUN_0203bd0c","0203bd0c","undefined FUN_0203bd0c()","22"
"FUN_0203bd28","0203bd28","undefined FUN_0203bd28()","52"
"FUN_0203bd78","0203bd78","undefined FUN_0203bd78()","40"
"FUN_0203bf5c","0203bf5c","undefined FUN_0203bf5c()","146"
"FUN_0203c024","0203c024","undefined FUN_0203c024()","122"
"FUN_0203c0c0","0203c0c0","undefined FUN_0203c0c0()","4"
"FUN_0203c0c4","0203c0c4","undefined FUN_0203c0c4()","4"
"FUN_0203c0c8","0203c0c8","undefined FUN_0203c0c8()","4"
"FUN_0203c0cc","0203c0cc","undefined FUN_0203c0cc()","6"
"FUN_0203c0d4","0203c0d4","undefined FUN_0203c0d4()","20"
"FUN_0203c0f0","0203c0f0","undefined FUN_0203c0f0()","2"
"FUN_0203c0f4","0203c0f4","undefined FUN_0203c0f4()","2"
"FUN_0203c0f8","0203c0f8","undefined FUN_0203c0f8()","2"
"FUN_0203c0fc","0203c0fc","undefined FUN_0203c0fc()","2"
"FUN_0203c100","0203c100","undefined FUN_0203c100()","2"
"FUN_0203c104","0203c104","undefined FUN_0203c104()","2"
"FUN_0203c108","0203c108","undefined FUN_0203c108()","2"
"FUN_0203c10c","0203c10c","undefined FUN_0203c10c()","2"
"FUN_0203c110","0203c110","undefined FUN_0203c110()","2"
"FUN_0203c114","0203c114","undefined FUN_0203c114()","2"
"FUN_0203c118","0203c118","undefined FUN_0203c118()","2"
"FUN_0203c11c","0203c11c","undefined FUN_0203c11c()","2"
"FUN_0203c120","0203c120","undefined FUN_0203c120()","2"
"FUN_0203c124","0203c124","undefined FUN_0203c124()","2"
"FUN_0203c128","0203c128","undefined FUN_0203c128()","2"
"FUN_0203c12c","0203c12c","undefined FUN_0203c12c()","120"
"FUN_0203c1a4","0203c1a4","undefined FUN_0203c1a4()","2"
"FUN_0203c1a8","0203c1a8","undefined FUN_0203c1a8()","94"
